<?xml version="1.0" encoding="UTF-8"?>
<storage-setting>
    <platform name ="MT6516">
	      <nor type-name = "NOR" is-support = "false" is-support-auto-format = "false" hw-storage-type = "HW_STORAGE_NOR" mem-storage-type = "HW_MEM_NOR" storage-addressing-type = "8"></nor>
        <nand type-name = "NAND" is-support = "true" is-support-auto-format = "true" hw-storage-type = "HW_STORAGE_NAND" mem-storage-type = "HW_MEM_NAND" storage-addressing-type = "8"></nand>
        <emmc type-name = "EMMC" is-support = "false" is-support-auto-format = "false" hw-storage-type = "HW_STORAGE_EMMC" mem-storage-type = "HW_MEM_EMMC" storage-addressing-type = "8"></emmc>
        <sdmmc type-name = "SDMMC" is-support = "false" is-support-auto-format = "false" hw-storage-type = "HW_STORAGE_SDMMC" mem-storage-type = "HW_MEM_SDMMC" storage-addressing-type = "8"></sdmmc>
    </platform>
	<platform name ="MT6572">
	    <nor type-name = "NOR" is-support = "false" is-support-auto-format = "false" hw-storage-type = "HW_STORAGE_NOR" mem-storage-type = "HW_MEM_NOR" storage-addressing-type = "8"></nor>
        <nand type-name = "NAND" is-support = "true" is-support-auto-format = "true" hw-storage-type = "HW_STORAGE_NAND" mem-storage-type = "HW_MEM_NAND" storage-addressing-type = "8"></nand>
        <emmc type-name = "EMMC" is-support = "true" is-support-auto-format = "true" hw-storage-type = "HW_STORAGE_EMMC" mem-storage-type = "HW_MEM_EMMC" storage-addressing-type = "16"></emmc>
        <sdmmc type-name = "SDMMC" is-support = "true" is-support-auto-format = "true" hw-storage-type = "HW_STORAGE_SDMMC" mem-storage-type = "HW_MEM_SDMMC" storage-addressing-type = "8"></sdmmc>
    </platform>
    
  <platform name ="MT6571">
	    <nor type-name = "NOR" is-support = "false" is-support-auto-format = "false" hw-storage-type = "HW_STORAGE_NOR" mem-storage-type = "HW_MEM_NOR" storage-addressing-type = "8"></nor>
        <nand type-name = "NAND" is-support = "true" is-support-auto-format = "true" hw-storage-type = "HW_STORAGE_NAND" mem-storage-type = "HW_MEM_NAND" storage-addressing-type = "8"></nand>
        <emmc type-name = "EMMC" is-support = "true" is-support-auto-format = "true" hw-storage-type = "HW_STORAGE_EMMC" mem-storage-type = "HW_MEM_EMMC" storage-addressing-type = "16"></emmc>
        <sdmmc type-name = "SDMMC" is-support = "true" is-support-auto-format = "true" hw-storage-type = "HW_STORAGE_SDMMC" mem-storage-type = "HW_MEM_SDMMC" storage-addressing-type = "8"></sdmmc>
    </platform>
	<platform name ="MT6582">
	    <nor type-name = "NOR" is-support = "false" is-support-auto-format = "false" hw-storage-type = "HW_STORAGE_NOR" mem-storage-type = "HW_MEM_NOR" storage-addressing-type = "8"></nor>
        <nand type-name = "NAND" is-support = "true" is-support-auto-format = "true" hw-storage-type = "HW_STORAGE_NAND" mem-storage-type = "HW_MEM_NAND" storage-addressing-type = "8"></nand>
        <emmc type-name = "EMMC" is-support = "true" is-support-auto-format = "true" hw-storage-type = "HW_STORAGE_EMMC" mem-storage-type = "HW_MEM_EMMC" storage-addressing-type = "16"></emmc>
        <sdmmc type-name = "SDMMC" is-support = "true" is-support-auto-format = "true" hw-storage-type = "HW_STORAGE_SDMMC" mem-storage-type = "HW_MEM_SDMMC" storage-addressing-type = "8"></sdmmc>
    </platform>
    <platform name ="MT6592">
	    <nor type-name = "NOR" is-support = "false" is-support-auto-format = "false" hw-storage-type = "HW_STORAGE_NOR" mem-storage-type = "HW_MEM_NOR" storage-addressing-type = "8"></nor>
        <nand type-name = "NAND" is-support = "true" is-support-auto-format = "true" hw-storage-type = "HW_STORAGE_NAND" mem-storage-type = "HW_MEM_NAND" storage-addressing-type = "8"></nand>
        <emmc type-name = "EMMC" is-support = "true" is-support-auto-format = "true" hw-storage-type = "HW_STORAGE_EMMC" mem-storage-type = "HW_MEM_EMMC" storage-addressing-type = "16"></emmc>
        <sdmmc type-name = "SDMMC" is-support = "true" is-support-auto-format = "true" hw-storage-type = "HW_STORAGE_SDMMC" mem-storage-type = "HW_MEM_SDMMC" storage-addressing-type = "8"></sdmmc>
    </platform>
    <platform name ="MT6595">
	    <nor type-name = "NOR" is-support = "false" is-support-auto-format = "false" hw-storage-type = "HW_STORAGE_NOR" mem-storage-type = "HW_MEM_NOR" storage-addressing-type = "8"></nor>
        <nand type-name = "NAND" is-support = "true" is-support-auto-format = "true" hw-storage-type = "HW_STORAGE_NAND" mem-storage-type = "HW_MEM_NAND" storage-addressing-type = "8"></nand>
        <emmc type-name = "EMMC" is-support = "true" is-support-auto-format = "true" hw-storage-type = "HW_STORAGE_EMMC" mem-storage-type = "HW_MEM_EMMC" storage-addressing-type = "16"></emmc>
        <sdmmc type-name = "SDMMC" is-support = "true" is-support-auto-format = "true" hw-storage-type = "HW_STORAGE_SDMMC" mem-storage-type = "HW_MEM_SDMMC" storage-addressing-type = "8"></sdmmc>
    </platform>
    
    <platform name ="MT8127">
	    <nor type-name = "NOR" is-support = "false" is-support-auto-format = "false" hw-storage-type = "HW_STORAGE_NOR" mem-storage-type = "HW_MEM_NOR" storage-addressing-type = "8"></nor>
        <nand type-name = "NAND" is-support = "true" is-support-auto-format = "true" hw-storage-type = "HW_STORAGE_NAND" mem-storage-type = "HW_MEM_NAND" storage-addressing-type = "8"></nand>
        <emmc type-name = "EMMC" is-support = "true" is-support-auto-format = "true" hw-storage-type = "HW_STORAGE_EMMC" mem-storage-type = "HW_MEM_EMMC" storage-addressing-type = "16"></emmc>
        <sdmmc type-name = "SDMMC" is-support = "true" is-support-auto-format = "false" hw-storage-type = "HW_STORAGE_SDMMC" mem-storage-type = "HW_MEM_SDMMC" storage-addressing-type = "8"></sdmmc>
    </platform>
    
    <platform name ="MT6752">
	    <nor type-name = "NOR" is-support = "false" is-support-auto-format = "false" hw-storage-type = "HW_STORAGE_NOR" mem-storage-type = "HW_MEM_NOR" storage-addressing-type = "8"></nor>
        <nand type-name = "NAND" is-support = "true" is-support-auto-format = "true" hw-storage-type = "HW_STORAGE_NAND" mem-storage-type = "HW_MEM_NAND" storage-addressing-type = "8"></nand>
        <emmc type-name = "EMMC" is-support = "true" is-support-auto-format = "true" hw-storage-type = "HW_STORAGE_EMMC" mem-storage-type = "HW_MEM_EMMC" storage-addressing-type = "16"></emmc>
        <sdmmc type-name = "SDMMC" is-support = "true" is-support-auto-format = "false" hw-storage-type = "HW_STORAGE_SDMMC" mem-storage-type = "HW_MEM_SDMMC" storage-addressing-type = "8"></sdmmc>
    </platform>
	    <platform name ="MT2601">
	    <nor type-name = "NOR" is-support = "false" is-support-auto-format = "false" hw-storage-type = "HW_STORAGE_NOR" mem-storage-type = "HW_MEM_NOR" storage-addressing-type = "8"></nor>
        <nand type-name = "NAND" is-support = "true" is-support-auto-format = "true" hw-storage-type = "HW_STORAGE_NAND" mem-storage-type = "HW_MEM_NAND" storage-addressing-type = "8"></nand>
        <emmc type-name = "EMMC" is-support = "true" is-support-auto-format = "true" hw-storage-type = "HW_STORAGE_EMMC" mem-storage-type = "HW_MEM_EMMC" storage-addressing-type = "16"></emmc>
        <sdmmc type-name = "SDMMC" is-support = "true" is-support-auto-format = "true" hw-storage-type = "HW_STORAGE_SDMMC" mem-storage-type = "HW_MEM_SDMMC" storage-addressing-type = "8"></sdmmc>
    </platform>
		<platform name ="MT6795">
	    <nor type-name = "NOR" is-support = "false" is-support-auto-format = "false" hw-storage-type = "HW_STORAGE_NOR" mem-storage-type = "HW_MEM_NOR" storage-addressing-type = "8"></nor>
        <nand type-name = "NAND" is-support = "true" is-support-auto-format = "true" hw-storage-type = "HW_STORAGE_NAND" mem-storage-type = "HW_MEM_NAND" storage-addressing-type = "8"></nand>
        <emmc type-name = "EMMC" is-support = "true" is-support-auto-format = "true" hw-storage-type = "HW_STORAGE_EMMC" mem-storage-type = "HW_MEM_EMMC" storage-addressing-type = "16"></emmc>
        <sdmmc type-name = "SDMMC" is-support = "true" is-support-auto-format = "true" hw-storage-type = "HW_STORAGE_SDMMC" mem-storage-type = "HW_MEM_SDMMC" storage-addressing-type = "8"></sdmmc>
    </platform>
		<platform name ="MT8173">
	    <nor type-name = "NOR" is-support = "false" is-support-auto-format = "false" hw-storage-type = "HW_STORAGE_NOR" mem-storage-type = "HW_MEM_NOR" storage-addressing-type = "8"></nor>
        <nand type-name = "NAND" is-support = "true" is-support-auto-format = "true" hw-storage-type = "HW_STORAGE_NAND" mem-storage-type = "HW_MEM_NAND" storage-addressing-type = "8"></nand>
        <emmc type-name = "EMMC" is-support = "true" is-support-auto-format = "true" hw-storage-type = "HW_STORAGE_EMMC" mem-storage-type = "HW_MEM_EMMC" storage-addressing-type = "16"></emmc>
        <sdmmc type-name = "SDMMC" is-support = "true" is-support-auto-format = "true" hw-storage-type = "HW_STORAGE_SDMMC" mem-storage-type = "HW_MEM_SDMMC" storage-addressing-type = "8"></sdmmc>
    </platform>
    
    <platform name ="MT6735">
	    <nor type-name = "NOR" is-support = "false" is-support-auto-format = "false" hw-storage-type = "HW_STORAGE_NOR" mem-storage-type = "HW_MEM_NOR" storage-addressing-type = "8"></nor>
        <nand type-name = "NAND" is-support = "true" is-support-auto-format = "true" hw-storage-type = "HW_STORAGE_NAND" mem-storage-type = "HW_MEM_NAND" storage-addressing-type = "8"></nand>
        <emmc type-name = "EMMC" is-support = "true" is-support-auto-format = "true" hw-storage-type = "HW_STORAGE_EMMC" mem-storage-type = "HW_MEM_EMMC" storage-addressing-type = "16"></emmc>
        <sdmmc type-name = "SDMMC" is-support = "true" is-support-auto-format = "false" hw-storage-type = "HW_STORAGE_SDMMC" mem-storage-type = "HW_MEM_SDMMC" storage-addressing-type = "8"></sdmmc>
    </platform>
    
    <platform name ="MT6737T">
	    <nor type-name = "NOR" is-support = "false" is-support-auto-format = "false" hw-storage-type = "HW_STORAGE_NOR" mem-storage-type = "HW_MEM_NOR" storage-addressing-type = "8"></nor>
        <nand type-name = "NAND" is-support = "true" is-support-auto-format = "true" hw-storage-type = "HW_STORAGE_NAND" mem-storage-type = "HW_MEM_NAND" storage-addressing-type = "8"></nand>
        <emmc type-name = "EMMC" is-support = "true" is-support-auto-format = "true" hw-storage-type = "HW_STORAGE_EMMC" mem-storage-type = "HW_MEM_EMMC" storage-addressing-type = "16"></emmc>
        <sdmmc type-name = "SDMMC" is-support = "true" is-support-auto-format = "false" hw-storage-type = "HW_STORAGE_SDMMC" mem-storage-type = "HW_MEM_SDMMC" storage-addressing-type = "8"></sdmmc>
    </platform>    
    
    <platform name ="MT6735M">
	    <nor type-name = "NOR" is-support = "false" is-support-auto-format = "false" hw-storage-type = "HW_STORAGE_NOR" mem-storage-type = "HW_MEM_NOR" storage-addressing-type = "8"></nor>
        <nand type-name = "NAND" is-support = "true" is-support-auto-format = "true" hw-storage-type = "HW_STORAGE_NAND" mem-storage-type = "HW_MEM_NAND" storage-addressing-type = "8"></nand>
        <emmc type-name = "EMMC" is-support = "true" is-support-auto-format = "true" hw-storage-type = "HW_STORAGE_EMMC" mem-storage-type = "HW_MEM_EMMC" storage-addressing-type = "16"></emmc>
        <sdmmc type-name = "SDMMC" is-support = "true" is-support-auto-format = "false" hw-storage-type = "HW_STORAGE_SDMMC" mem-storage-type = "HW_MEM_SDMMC" storage-addressing-type = "8"></sdmmc>
    </platform>
    
    <platform name ="MT6737M">
	    <nor type-name = "NOR" is-support = "false" is-support-auto-format = "false" hw-storage-type = "HW_STORAGE_NOR" mem-storage-type = "HW_MEM_NOR" storage-addressing-type = "8"></nor>
        <nand type-name = "NAND" is-support = "true" is-support-auto-format = "true" hw-storage-type = "HW_STORAGE_NAND" mem-storage-type = "HW_MEM_NAND" storage-addressing-type = "8"></nand>
        <emmc type-name = "EMMC" is-support = "true" is-support-auto-format = "true" hw-storage-type = "HW_STORAGE_EMMC" mem-storage-type = "HW_MEM_EMMC" storage-addressing-type = "16"></emmc>
        <sdmmc type-name = "SDMMC" is-support = "true" is-support-auto-format = "false" hw-storage-type = "HW_STORAGE_SDMMC" mem-storage-type = "HW_MEM_SDMMC" storage-addressing-type = "8"></sdmmc>
    </platform>    
    
    <platform name ="MT6753">
	    <nor type-name = "NOR" is-support = "false" is-support-auto-format = "false" hw-storage-type = "HW_STORAGE_NOR" mem-storage-type = "HW_MEM_NOR" storage-addressing-type = "8"></nor>
        <nand type-name = "NAND" is-support = "true" is-support-auto-format = "true" hw-storage-type = "HW_STORAGE_NAND" mem-storage-type = "HW_MEM_NAND" storage-addressing-type = "8"></nand>
        <emmc type-name = "EMMC" is-support = "true" is-support-auto-format = "true" hw-storage-type = "HW_STORAGE_EMMC" mem-storage-type = "HW_MEM_EMMC" storage-addressing-type = "16"></emmc>
        <sdmmc type-name = "SDMMC" is-support = "true" is-support-auto-format = "false" hw-storage-type = "HW_STORAGE_SDMMC" mem-storage-type = "HW_MEM_SDMMC" storage-addressing-type = "8"></sdmmc>
    </platform>
    
    <platform name ="MT8163">
	    <nor type-name = "NOR" is-support = "false" is-support-auto-format = "false" hw-storage-type = "HW_STORAGE_NOR" mem-storage-type = "HW_MEM_NOR" storage-addressing-type = "8"></nor>
        <nand type-name = "NAND" is-support = "true" is-support-auto-format = "true" hw-storage-type = "HW_STORAGE_NAND" mem-storage-type = "HW_MEM_NAND" storage-addressing-type = "8"></nand>
        <emmc type-name = "EMMC" is-support = "true" is-support-auto-format = "true" hw-storage-type = "HW_STORAGE_EMMC" mem-storage-type = "HW_MEM_EMMC" storage-addressing-type = "16"></emmc>
        <sdmmc type-name = "SDMMC" is-support = "true" is-support-auto-format = "false" hw-storage-type = "HW_STORAGE_SDMMC" mem-storage-type = "HW_MEM_SDMMC" storage-addressing-type = "8"></sdmmc>
    </platform>
    
    <platform name ="MT8590">
	    <nor type-name = "NOR" is-support = "true" is-support-auto-format = "false" hw-storage-type = "HW_STORAGE_NOR" mem-storage-type = "HW_MEM_NOR" storage-addressing-type = "8"></nor>
        <nand type-name = "NAND" is-support = "true" is-support-auto-format = "true" hw-storage-type = "HW_STORAGE_NAND" mem-storage-type = "HW_MEM_NAND" storage-addressing-type = "8"></nand>
        <emmc type-name = "EMMC" is-support = "true" is-support-auto-format = "true" hw-storage-type = "HW_STORAGE_EMMC" mem-storage-type = "HW_MEM_EMMC" storage-addressing-type = "16"></emmc>
        <sdmmc type-name = "SDMMC" is-support = "true" is-support-auto-format = "false" hw-storage-type = "HW_STORAGE_SDMMC" mem-storage-type = "HW_MEM_SDMMC" storage-addressing-type = "8"></sdmmc>
    </platform>
    <platform name ="MT8521">
	    <nor type-name = "NOR" is-support = "true" is-support-auto-format = "false" hw-storage-type = "HW_STORAGE_NOR" mem-storage-type = "HW_MEM_NOR" storage-addressing-type = "8"></nor>
        <nand type-name = "NAND" is-support = "true" is-support-auto-format = "true" hw-storage-type = "HW_STORAGE_NAND" mem-storage-type = "HW_MEM_NAND" storage-addressing-type = "8"></nand>
        <emmc type-name = "EMMC" is-support = "true" is-support-auto-format = "true" hw-storage-type = "HW_STORAGE_EMMC" mem-storage-type = "HW_MEM_EMMC" storage-addressing-type = "16"></emmc>
        <sdmmc type-name = "SDMMC" is-support = "true" is-support-auto-format = "false" hw-storage-type = "HW_STORAGE_SDMMC" mem-storage-type = "HW_MEM_SDMMC" storage-addressing-type = "8"></sdmmc>
    </platform>    
     <platform name ="MT7623">
	    <nor type-name = "NOR" is-support = "true" is-support-auto-format = "false" hw-storage-type = "HW_STORAGE_NOR" mem-storage-type = "HW_MEM_NOR" storage-addressing-type = "8"></nor>
        <nand type-name = "NAND" is-support = "true" is-support-auto-format = "true" hw-storage-type = "HW_STORAGE_NAND" mem-storage-type = "HW_MEM_NAND" storage-addressing-type = "8"></nand>
        <emmc type-name = "EMMC" is-support = "true" is-support-auto-format = "true" hw-storage-type = "HW_STORAGE_EMMC" mem-storage-type = "HW_MEM_EMMC" storage-addressing-type = "16"></emmc>
        <sdmmc type-name = "SDMMC" is-support = "true" is-support-auto-format = "false" hw-storage-type = "HW_STORAGE_SDMMC" mem-storage-type = "HW_MEM_SDMMC" storage-addressing-type = "8"></sdmmc>
    </platform>  
    <platform name ="MT6580">
	    <nor type-name = "NOR" is-support = "false" is-support-auto-format = "false" hw-storage-type = "HW_STORAGE_NOR" mem-storage-type = "HW_MEM_NOR" storage-addressing-type = "8"></nor>
        <nand type-name = "NAND" is-support = "true" is-support-auto-format = "true" hw-storage-type = "HW_STORAGE_NAND" mem-storage-type = "HW_MEM_NAND" storage-addressing-type = "8"></nand>
        <emmc type-name = "EMMC" is-support = "true" is-support-auto-format = "true" hw-storage-type = "HW_STORAGE_EMMC" mem-storage-type = "HW_MEM_EMMC" storage-addressing-type = "16"></emmc>
        <sdmmc type-name = "SDMMC" is-support = "true" is-support-auto-format = "false" hw-storage-type = "HW_STORAGE_SDMMC" mem-storage-type = "HW_MEM_SDMMC" storage-addressing-type = "8"></sdmmc>
    </platform>
    <platform name ="MT6755">
	    <nor type-name = "NOR" is-support = "false" is-support-auto-format = "false" hw-storage-type = "HW_STORAGE_NOR" mem-storage-type = "HW_MEM_NOR" storage-addressing-type = "8"></nor>
        <ufs type-name = "UFS" is-support = "true" is-support-auto-format = "true" hw-storage-type = "HW_STORAGE_UFS" mem-storage-type = "HW_MEM_UFS" storage-addressing-type = "8"></ufs>
        <nand type-name = "NAND" is-support = "true" is-support-auto-format = "true" hw-storage-type = "HW_STORAGE_NAND" mem-storage-type = "HW_MEM_NAND" storage-addressing-type = "8"></nand>
        <emmc type-name = "EMMC" is-support = "true" is-support-auto-format = "true" hw-storage-type = "HW_STORAGE_EMMC" mem-storage-type = "HW_MEM_EMMC" storage-addressing-type = "16"></emmc>
        <sdmmc type-name = "SDMMC" is-support = "true" is-support-auto-format = "false" hw-storage-type = "HW_STORAGE_SDMMC" mem-storage-type = "HW_MEM_SDMMC" storage-addressing-type = "8"></sdmmc>
    </platform>
    <platform name ="MT6750">
	    <nor type-name = "NOR" is-support = "false" is-support-auto-format = "false" hw-storage-type = "HW_STORAGE_NOR" mem-storage-type = "HW_MEM_NOR" storage-addressing-type = "8"></nor>
        <ufs type-name = "UFS" is-support = "true" is-support-auto-format = "true" hw-storage-type = "HW_STORAGE_UFS" mem-storage-type = "HW_MEM_UFS" storage-addressing-type = "8"></ufs>
        <nand type-name = "NAND" is-support = "true" is-support-auto-format = "true" hw-storage-type = "HW_STORAGE_NAND" mem-storage-type = "HW_MEM_NAND" storage-addressing-type = "8"></nand>
        <emmc type-name = "EMMC" is-support = "true" is-support-auto-format = "true" hw-storage-type = "HW_STORAGE_EMMC" mem-storage-type = "HW_MEM_EMMC" storage-addressing-type = "16"></emmc>
        <sdmmc type-name = "SDMMC" is-support = "true" is-support-auto-format = "false" hw-storage-type = "HW_STORAGE_SDMMC" mem-storage-type = "HW_MEM_SDMMC" storage-addressing-type = "8"></sdmmc>
    </platform>           
    <platform name ="MT6797">
	    <nor type-name = "NOR" is-support = "false" is-support-auto-format = "false" hw-storage-type = "HW_STORAGE_NOR" mem-storage-type = "HW_MEM_NOR" storage-addressing-type = "8"></nor>
        <ufs type-name = "UFS" is-support = "true" is-support-auto-format = "true" hw-storage-type = "HW_STORAGE_UFS" mem-storage-type = "HW_MEM_UFS" storage-addressing-type = "8"></ufs>
        <nand type-name = "NAND" is-support = "true" is-support-auto-format = "true" hw-storage-type = "HW_STORAGE_NAND" mem-storage-type = "HW_MEM_NAND" storage-addressing-type = "8"></nand>
        <emmc type-name = "EMMC" is-support = "true" is-support-auto-format = "true" hw-storage-type = "HW_STORAGE_EMMC" mem-storage-type = "HW_MEM_EMMC" storage-addressing-type = "16"></emmc>
        <sdmmc type-name = "SDMMC" is-support = "true" is-support-auto-format = "false" hw-storage-type = "HW_STORAGE_SDMMC" mem-storage-type = "HW_MEM_SDMMC" storage-addressing-type = "8"></sdmmc>
    </platform> 
    <platform name ="MT6757">
	    <nor type-name = "NOR" is-support = "false" is-support-auto-format = "false" hw-storage-type = "HW_STORAGE_NOR" mem-storage-type = "HW_MEM_NOR" storage-addressing-type = "8"></nor>
        <ufs type-name = "UFS" is-support = "true" is-support-auto-format = "true" hw-storage-type = "HW_STORAGE_UFS" mem-storage-type = "HW_MEM_UFS" storage-addressing-type = "8"></ufs>
        <nand type-name = "NAND" is-support = "true" is-support-auto-format = "true" hw-storage-type = "HW_STORAGE_NAND" mem-storage-type = "HW_MEM_NAND" storage-addressing-type = "8"></nand>
        <emmc type-name = "EMMC" is-support = "true" is-support-auto-format = "true" hw-storage-type = "HW_STORAGE_EMMC" mem-storage-type = "HW_MEM_EMMC" storage-addressing-type = "16"></emmc>
        <sdmmc type-name = "SDMMC" is-support = "true" is-support-auto-format = "false" hw-storage-type = "HW_STORAGE_SDMMC" mem-storage-type = "HW_MEM_SDMMC" storage-addressing-type = "8"></sdmmc>
    </platform>
    <platform name ="MT6757D">
	    <nor type-name = "NOR" is-support = "false" is-support-auto-format = "false" hw-storage-type = "HW_STORAGE_NOR" mem-storage-type = "HW_MEM_NOR" storage-addressing-type = "8"></nor>
        <ufs type-name = "UFS" is-support = "true" is-support-auto-format = "true" hw-storage-type = "HW_STORAGE_UFS" mem-storage-type = "HW_MEM_UFS" storage-addressing-type = "8"></ufs>
        <nand type-name = "NAND" is-support = "true" is-support-auto-format = "true" hw-storage-type = "HW_STORAGE_NAND" mem-storage-type = "HW_MEM_NAND" storage-addressing-type = "8"></nand>
        <emmc type-name = "EMMC" is-support = "true" is-support-auto-format = "true" hw-storage-type = "HW_STORAGE_EMMC" mem-storage-type = "HW_MEM_EMMC" storage-addressing-type = "16"></emmc>
        <sdmmc type-name = "SDMMC" is-support = "true" is-support-auto-format = "false" hw-storage-type = "HW_STORAGE_SDMMC" mem-storage-type = "HW_MEM_SDMMC" storage-addressing-type = "8"></sdmmc>
    </platform>      
    <platform name ="ELBRUS">
	    <nor type-name = "NOR" is-support = "false" is-support-auto-format = "false" hw-storage-type = "HW_STORAGE_NOR" mem-storage-type = "HW_MEM_NOR" storage-addressing-type = "8"></nor>
        <ufs type-name = "UFS" is-support = "true" is-support-auto-format = "true" hw-storage-type = "HW_STORAGE_UFS" mem-storage-type = "HW_MEM_UFS" storage-addressing-type = "8"></ufs>
        <nand type-name = "NAND" is-support = "true" is-support-auto-format = "true" hw-storage-type = "HW_STORAGE_NAND" mem-storage-type = "HW_MEM_NAND" storage-addressing-type = "8"></nand>
        <emmc type-name = "EMMC" is-support = "true" is-support-auto-format = "true" hw-storage-type = "HW_STORAGE_EMMC" mem-storage-type = "HW_MEM_EMMC" storage-addressing-type = "16"></emmc>
        <sdmmc type-name = "SDMMC" is-support = "true" is-support-auto-format = "false" hw-storage-type = "HW_STORAGE_SDMMC" mem-storage-type = "HW_MEM_SDMMC" storage-addressing-type = "8"></sdmmc>
    </platform>
    <platform name ="MT6799">
	    <nor type-name = "NOR" is-support = "false" is-support-auto-format = "false" hw-storage-type = "HW_STORAGE_NOR" mem-storage-type = "HW_MEM_NOR" storage-addressing-type = "8"></nor>
        <ufs type-name = "UFS" is-support = "true" is-support-auto-format = "true" hw-storage-type = "HW_STORAGE_UFS" mem-storage-type = "HW_MEM_UFS" storage-addressing-type = "8"></ufs>
        <nand type-name = "NAND" is-support = "true" is-support-auto-format = "true" hw-storage-type = "HW_STORAGE_NAND" mem-storage-type = "HW_MEM_NAND" storage-addressing-type = "8"></nand>
        <emmc type-name = "EMMC" is-support = "true" is-support-auto-format = "true" hw-storage-type = "HW_STORAGE_EMMC" mem-storage-type = "HW_MEM_EMMC" storage-addressing-type = "16"></emmc>
        <sdmmc type-name = "SDMMC" is-support = "true" is-support-auto-format = "false" hw-storage-type = "HW_STORAGE_SDMMC" mem-storage-type = "HW_MEM_SDMMC" storage-addressing-type = "8"></sdmmc>
    </platform>
    <platform name ="MT6759">
	    <nor type-name = "NOR" is-support = "false" is-support-auto-format = "false" hw-storage-type = "HW_STORAGE_NOR" mem-storage-type = "HW_MEM_NOR" storage-addressing-type = "8"></nor>
        <ufs type-name = "UFS" is-support = "true" is-support-auto-format = "true" hw-storage-type = "HW_STORAGE_UFS" mem-storage-type = "HW_MEM_UFS" storage-addressing-type = "8"></ufs>
        <nand type-name = "NAND" is-support = "true" is-support-auto-format = "true" hw-storage-type = "HW_STORAGE_NAND" mem-storage-type = "HW_MEM_NAND" storage-addressing-type = "8"></nand>
        <emmc type-name = "EMMC" is-support = "true" is-support-auto-format = "true" hw-storage-type = "HW_STORAGE_EMMC" mem-storage-type = "HW_MEM_EMMC" storage-addressing-type = "16"></emmc>
        <sdmmc type-name = "SDMMC" is-support = "true" is-support-auto-format = "false" hw-storage-type = "HW_STORAGE_SDMMC" mem-storage-type = "HW_MEM_SDMMC" storage-addressing-type = "8"></sdmmc>
    </platform>    
    <platform name ="MT8167">
	    <nor type-name = "NOR" is-support = "false" is-support-auto-format = "false" hw-storage-type = "HW_STORAGE_NOR" mem-storage-type = "HW_MEM_NOR" storage-addressing-type = "8"></nor>
        <nand type-name = "NAND" is-support = "true" is-support-auto-format = "true" hw-storage-type = "HW_STORAGE_NAND" mem-storage-type = "HW_MEM_NAND" storage-addressing-type = "8"></nand>
        <emmc type-name = "EMMC" is-support = "true" is-support-auto-format = "true" hw-storage-type = "HW_STORAGE_EMMC" mem-storage-type = "HW_MEM_EMMC" storage-addressing-type = "16"></emmc>
        <sdmmc type-name = "SDMMC" is-support = "true" is-support-auto-format = "false" hw-storage-type = "HW_STORAGE_SDMMC" mem-storage-type = "HW_MEM_SDMMC" storage-addressing-type = "8"></sdmmc>
    </platform>
    <platform name ="MT8516">
	    <nor type-name = "NOR" is-support = "false" is-support-auto-format = "false" hw-storage-type = "HW_STORAGE_NOR" mem-storage-type = "HW_MEM_NOR" storage-addressing-type = "8"></nor>
        <nand type-name = "NAND" is-support = "true" is-support-auto-format = "true" hw-storage-type = "HW_STORAGE_NAND" mem-storage-type = "HW_MEM_NAND" storage-addressing-type = "8"></nand>
        <emmc type-name = "EMMC" is-support = "true" is-support-auto-format = "true" hw-storage-type = "HW_STORAGE_EMMC" mem-storage-type = "HW_MEM_EMMC" storage-addressing-type = "16"></emmc>
        <sdmmc type-name = "SDMMC" is-support = "true" is-support-auto-format = "false" hw-storage-type = "HW_STORAGE_SDMMC" mem-storage-type = "HW_MEM_SDMMC" storage-addressing-type = "8"></sdmmc>
    </platform>
    <platform name ="MT8362">
	    <nor type-name = "NOR" is-support = "false" is-support-auto-format = "false" hw-storage-type = "HW_STORAGE_NOR" mem-storage-type = "HW_MEM_NOR" storage-addressing-type = "8"></nor>
        <nand type-name = "NAND" is-support = "true" is-support-auto-format = "true" hw-storage-type = "HW_STORAGE_NAND" mem-storage-type = "HW_MEM_NAND" storage-addressing-type = "8"></nand>
        <emmc type-name = "EMMC" is-support = "true" is-support-auto-format = "true" hw-storage-type = "HW_STORAGE_EMMC" mem-storage-type = "HW_MEM_EMMC" storage-addressing-type = "16"></emmc>
        <sdmmc type-name = "SDMMC" is-support = "true" is-support-auto-format = "false" hw-storage-type = "HW_STORAGE_SDMMC" mem-storage-type = "HW_MEM_SDMMC" storage-addressing-type = "8"></sdmmc>
    </platform>      
    <platform name ="MT6570">
	    <nor type-name = "NOR" is-support = "false" is-support-auto-format = "false" hw-storage-type = "HW_STORAGE_NOR" mem-storage-type = "HW_MEM_NOR" storage-addressing-type = "8"></nor>
        <nand type-name = "NAND" is-support = "true" is-support-auto-format = "true" hw-storage-type = "HW_STORAGE_NAND" mem-storage-type = "HW_MEM_NAND" storage-addressing-type = "8"></nand>
        <emmc type-name = "EMMC" is-support = "true" is-support-auto-format = "true" hw-storage-type = "HW_STORAGE_EMMC" mem-storage-type = "HW_MEM_EMMC" storage-addressing-type = "16"></emmc>
        <sdmmc type-name = "SDMMC" is-support = "true" is-support-auto-format = "false" hw-storage-type = "HW_STORAGE_SDMMC" mem-storage-type = "HW_MEM_SDMMC" storage-addressing-type = "8"></sdmmc>
    </platform>
    <platform name ="MT6763">
	    <nor type-name = "NOR" is-support = "false" is-support-auto-format = "false" hw-storage-type = "HW_STORAGE_NOR" mem-storage-type = "HW_MEM_NOR" storage-addressing-type = "8"></nor>
        <ufs type-name = "UFS" is-support = "true" is-support-auto-format = "true" hw-storage-type = "HW_STORAGE_UFS" mem-storage-type = "HW_MEM_UFS" storage-addressing-type = "8"></ufs>
        <nand type-name = "NAND" is-support = "true" is-support-auto-format = "true" hw-storage-type = "HW_STORAGE_NAND" mem-storage-type = "HW_MEM_NAND" storage-addressing-type = "8"></nand>
        <emmc type-name = "EMMC" is-support = "true" is-support-auto-format = "true" hw-storage-type = "HW_STORAGE_EMMC" mem-storage-type = "HW_MEM_EMMC" storage-addressing-type = "16"></emmc>
        <sdmmc type-name = "SDMMC" is-support = "true" is-support-auto-format = "false" hw-storage-type = "HW_STORAGE_SDMMC" mem-storage-type = "HW_MEM_SDMMC" storage-addressing-type = "8"></sdmmc>
    </platform>
    <platform name ="MT6758">
	    <nor type-name = "NOR" is-support = "false" is-support-auto-format = "false" hw-storage-type = "HW_STORAGE_NOR" mem-storage-type = "HW_MEM_NOR" storage-addressing-type = "8"></nor>
        <ufs type-name = "UFS" is-support = "true" is-support-auto-format = "true" hw-storage-type = "HW_STORAGE_UFS" mem-storage-type = "HW_MEM_UFS" storage-addressing-type = "8"></ufs>
        <nand type-name = "NAND" is-support = "true" is-support-auto-format = "true" hw-storage-type = "HW_STORAGE_NAND" mem-storage-type = "HW_MEM_NAND" storage-addressing-type = "8"></nand>
        <emmc type-name = "EMMC" is-support = "true" is-support-auto-format = "true" hw-storage-type = "HW_STORAGE_EMMC" mem-storage-type = "HW_MEM_EMMC" storage-addressing-type = "16"></emmc>
        <sdmmc type-name = "SDMMC" is-support = "true" is-support-auto-format = "false" hw-storage-type = "HW_STORAGE_SDMMC" mem-storage-type = "HW_MEM_SDMMC" storage-addressing-type = "8"></sdmmc>
    </platform> 
    <platform name ="MT6739">
	    <nor type-name = "NOR" is-support = "false" is-support-auto-format = "false" hw-storage-type = "HW_STORAGE_NOR" mem-storage-type = "HW_MEM_NOR" storage-addressing-type = "8"></nor>
        <ufs type-name = "UFS" is-support = "false" is-support-auto-format = "true" hw-storage-type = "HW_STORAGE_UFS" mem-storage-type = "HW_MEM_UFS" storage-addressing-type = "8"></ufs>
        <nand type-name = "NAND" is-support = "true" is-support-auto-format = "true" hw-storage-type = "HW_STORAGE_NAND" mem-storage-type = "HW_MEM_NAND" storage-addressing-type = "8"></nand>
        <emmc type-name = "EMMC" is-support = "true" is-support-auto-format = "true" hw-storage-type = "HW_STORAGE_EMMC" mem-storage-type = "HW_MEM_EMMC" storage-addressing-type = "16"></emmc>
        <sdmmc type-name = "SDMMC" is-support = "true" is-support-auto-format = "false" hw-storage-type = "HW_STORAGE_SDMMC" mem-storage-type = "HW_MEM_SDMMC" storage-addressing-type = "8"></sdmmc>
    </platform>                        
    <platform name ="MT6731">
	    <nor type-name = "NOR" is-support = "false" is-support-auto-format = "false" hw-storage-type = "HW_STORAGE_NOR" mem-storage-type = "HW_MEM_NOR" storage-addressing-type = "8"></nor>
        <ufs type-name = "UFS" is-support = "false" is-support-auto-format = "true" hw-storage-type = "HW_STORAGE_UFS" mem-storage-type = "HW_MEM_UFS" storage-addressing-type = "8"></ufs>
        <nand type-name = "NAND" is-support = "true" is-support-auto-format = "true" hw-storage-type = "HW_STORAGE_NAND" mem-storage-type = "HW_MEM_NAND" storage-addressing-type = "8"></nand>
        <emmc type-name = "EMMC" is-support = "true" is-support-auto-format = "true" hw-storage-type = "HW_STORAGE_EMMC" mem-storage-type = "HW_MEM_EMMC" storage-addressing-type = "16"></emmc>
        <sdmmc type-name = "SDMMC" is-support = "true" is-support-auto-format = "false" hw-storage-type = "HW_STORAGE_SDMMC" mem-storage-type = "HW_MEM_SDMMC" storage-addressing-type = "8"></sdmmc>
    </platform>    
    <platform name ="MT8695">
	    <nor type-name = "NOR" is-support = "false" is-support-auto-format = "false" hw-storage-type = "HW_STORAGE_NOR" mem-storage-type = "HW_MEM_NOR" storage-addressing-type = "8"></nor>
        <nand type-name = "NAND" is-support = "true" is-support-auto-format = "true" hw-storage-type = "HW_STORAGE_NAND" mem-storage-type = "HW_MEM_NAND" storage-addressing-type = "8"></nand>
        <emmc type-name = "EMMC" is-support = "true" is-support-auto-format = "true" hw-storage-type = "HW_STORAGE_EMMC" mem-storage-type = "HW_MEM_EMMC" storage-addressing-type = "16"></emmc>
        <sdmmc type-name = "SDMMC" is-support = "true" is-support-auto-format = "false" hw-storage-type = "HW_STORAGE_SDMMC" mem-storage-type = "HW_MEM_SDMMC" storage-addressing-type = "8"></sdmmc>
    </platform>
    <platform name ="MT6775">
	    <nor type-name = "NOR" is-support = "false" is-support-auto-format = "false" hw-storage-type = "HW_STORAGE_NOR" mem-storage-type = "HW_MEM_NOR" storage-addressing-type = "8"></nor>
	    <ufs type-name = "UFS" is-support = "true" is-support-auto-format = "true" hw-storage-type = "HW_STORAGE_UFS" mem-storage-type = "HW_MEM_UFS" storage-addressing-type = "8"></ufs>
        <nand type-name = "NAND" is-support = "false" is-support-auto-format = "true" hw-storage-type = "HW_STORAGE_NAND" mem-storage-type = "HW_MEM_NAND" storage-addressing-type = "8"></nand>
        <emmc type-name = "EMMC" is-support = "true" is-support-auto-format = "true" hw-storage-type = "HW_STORAGE_EMMC" mem-storage-type = "HW_MEM_EMMC" storage-addressing-type = "16"></emmc>
        <sdmmc type-name = "SDMMC" is-support = "true" is-support-auto-format = "false" hw-storage-type = "HW_STORAGE_SDMMC" mem-storage-type = "HW_MEM_SDMMC" storage-addressing-type = "8"></sdmmc>
    </platform>
    <platform name ="MT6765">
	    <nor type-name = "NOR" is-support = "false" is-support-auto-format = "false" hw-storage-type = "HW_STORAGE_NOR" mem-storage-type = "HW_MEM_NOR" storage-addressing-type = "8"></nor>
	    <ufs type-name = "UFS" is-support = "true" is-support-auto-format = "true" hw-storage-type = "HW_STORAGE_UFS" mem-storage-type = "HW_MEM_UFS" storage-addressing-type = "8"></ufs>
        <nand type-name = "NAND" is-support = "false" is-support-auto-format = "true" hw-storage-type = "HW_STORAGE_NAND" mem-storage-type = "HW_MEM_NAND" storage-addressing-type = "8"></nand>
        <emmc type-name = "EMMC" is-support = "true" is-support-auto-format = "true" hw-storage-type = "HW_STORAGE_EMMC" mem-storage-type = "HW_MEM_EMMC" storage-addressing-type = "16"></emmc>
        <sdmmc type-name = "SDMMC" is-support = "true" is-support-auto-format = "false" hw-storage-type = "HW_STORAGE_SDMMC" mem-storage-type = "HW_MEM_SDMMC" storage-addressing-type = "8"></sdmmc>
    </platform>   
    <platform name ="MT6771">
	    <nor type-name = "NOR" is-support = "false" is-support-auto-format = "false" hw-storage-type = "HW_STORAGE_NOR" mem-storage-type = "HW_MEM_NOR" storage-addressing-type = "8"></nor>
	    <ufs type-name = "UFS" is-support = "true" is-support-auto-format = "true" hw-storage-type = "HW_STORAGE_UFS" mem-storage-type = "HW_MEM_UFS" storage-addressing-type = "8"></ufs>
        <nand type-name = "NAND" is-support = "false" is-support-auto-format = "true" hw-storage-type = "HW_STORAGE_NAND" mem-storage-type = "HW_MEM_NAND" storage-addressing-type = "8"></nand>
        <emmc type-name = "EMMC" is-support = "true" is-support-auto-format = "true" hw-storage-type = "HW_STORAGE_EMMC" mem-storage-type = "HW_MEM_EMMC" storage-addressing-type = "16"></emmc>
        <sdmmc type-name = "SDMMC" is-support = "true" is-support-auto-format = "false" hw-storage-type = "HW_STORAGE_SDMMC" mem-storage-type = "HW_MEM_SDMMC" storage-addressing-type = "8"></sdmmc>
    </platform>        
		<platform name ="MT8183">
	    <nor type-name = "NOR" is-support = "false" is-support-auto-format = "false" hw-storage-type = "HW_STORAGE_NOR" mem-storage-type = "HW_MEM_NOR" storage-addressing-type = "8"></nor>
	    <ufs type-name = "UFS" is-support = "true" is-support-auto-format = "true" hw-storage-type = "HW_STORAGE_UFS" mem-storage-type = "HW_MEM_UFS" storage-addressing-type = "8"></ufs>
        <nand type-name = "NAND" is-support = "false" is-support-auto-format = "true" hw-storage-type = "HW_STORAGE_NAND" mem-storage-type = "HW_MEM_NAND" storage-addressing-type = "8"></nand>
        <emmc type-name = "EMMC" is-support = "true" is-support-auto-format = "true" hw-storage-type = "HW_STORAGE_EMMC" mem-storage-type = "HW_MEM_EMMC" storage-addressing-type = "16"></emmc>
        <sdmmc type-name = "SDMMC" is-support = "true" is-support-auto-format = "false" hw-storage-type = "HW_STORAGE_SDMMC" mem-storage-type = "HW_MEM_SDMMC" storage-addressing-type = "8"></sdmmc>
    </platform>
		<platform name ="MT8666">
	    <nor type-name = "NOR" is-support = "false" is-support-auto-format = "false" hw-storage-type = "HW_STORAGE_NOR" mem-storage-type = "HW_MEM_NOR" storage-addressing-type = "8"></nor>
	    <ufs type-name = "UFS" is-support = "true" is-support-auto-format = "true" hw-storage-type = "HW_STORAGE_UFS" mem-storage-type = "HW_MEM_UFS" storage-addressing-type = "8"></ufs>
        <nand type-name = "NAND" is-support = "false" is-support-auto-format = "true" hw-storage-type = "HW_STORAGE_NAND" mem-storage-type = "HW_MEM_NAND" storage-addressing-type = "8"></nand>
        <emmc type-name = "EMMC" is-support = "true" is-support-auto-format = "true" hw-storage-type = "HW_STORAGE_EMMC" mem-storage-type = "HW_MEM_EMMC" storage-addressing-type = "16"></emmc>
        <sdmmc type-name = "SDMMC" is-support = "true" is-support-auto-format = "false" hw-storage-type = "HW_STORAGE_SDMMC" mem-storage-type = "HW_MEM_SDMMC" storage-addressing-type = "8"></sdmmc>
    </platform>
	<platform name ="MT8385">
	    <nor type-name = "NOR" is-support = "false" is-support-auto-format = "false" hw-storage-type = "HW_STORAGE_NOR" mem-storage-type = "HW_MEM_NOR" storage-addressing-type = "8"></nor>
	    <ufs type-name = "UFS" is-support = "true" is-support-auto-format = "true" hw-storage-type = "HW_STORAGE_UFS" mem-storage-type = "HW_MEM_UFS" storage-addressing-type = "8"></ufs>
        <nand type-name = "NAND" is-support = "false" is-support-auto-format = "true" hw-storage-type = "HW_STORAGE_NAND" mem-storage-type = "HW_MEM_NAND" storage-addressing-type = "8"></nand>
        <emmc type-name = "EMMC" is-support = "true" is-support-auto-format = "true" hw-storage-type = "HW_STORAGE_EMMC" mem-storage-type = "HW_MEM_EMMC" storage-addressing-type = "16"></emmc>
        <sdmmc type-name = "SDMMC" is-support = "true" is-support-auto-format = "false" hw-storage-type = "HW_STORAGE_SDMMC" mem-storage-type = "HW_MEM_SDMMC" storage-addressing-type = "8"></sdmmc>
    </platform>   	
	<platform name ="MT8518">
	    <nor type-name = "NOR" is-support = "false" is-support-auto-format = "false" hw-storage-type = "HW_STORAGE_NOR" mem-storage-type = "HW_MEM_NOR" storage-addressing-type = "8"></nor>
	    <ufs type-name = "UFS" is-support = "false" is-support-auto-format = "true" hw-storage-type = "HW_STORAGE_UFS" mem-storage-type = "HW_MEM_UFS" storage-addressing-type = "8"></ufs>
        <nand type-name = "NAND" is-support = "true" is-support-auto-format = "true" hw-storage-type = "HW_STORAGE_NAND" mem-storage-type = "HW_MEM_NAND" storage-addressing-type = "8"></nand>
        <emmc type-name = "EMMC" is-support = "true" is-support-auto-format = "true" hw-storage-type = "HW_STORAGE_EMMC" mem-storage-type = "HW_MEM_EMMC" storage-addressing-type = "16"></emmc>
        <sdmmc type-name = "SDMMC" is-support = "true" is-support-auto-format = "false" hw-storage-type = "HW_STORAGE_SDMMC" mem-storage-type = "HW_MEM_SDMMC" storage-addressing-type = "8"></sdmmc>
    </platform>   
	<platform name ="MT3967">
	    <nor type-name = "NOR" is-support = "false" is-support-auto-format = "false" hw-storage-type = "HW_STORAGE_NOR" mem-storage-type = "HW_MEM_NOR" storage-addressing-type = "8"></nor>
	    <ufs type-name = "UFS" is-support = "true" is-support-auto-format = "true" hw-storage-type = "HW_STORAGE_UFS" mem-storage-type = "HW_MEM_UFS" storage-addressing-type = "8"></ufs>
        <nand type-name = "NAND" is-support = "false" is-support-auto-format = "true" hw-storage-type = "HW_STORAGE_NAND" mem-storage-type = "HW_MEM_NAND" storage-addressing-type = "8"></nand>
        <emmc type-name = "EMMC" is-support = "true" is-support-auto-format = "true" hw-storage-type = "HW_STORAGE_EMMC" mem-storage-type = "HW_MEM_EMMC" storage-addressing-type = "16"></emmc>
        <sdmmc type-name = "SDMMC" is-support = "true" is-support-auto-format = "false" hw-storage-type = "HW_STORAGE_SDMMC" mem-storage-type = "HW_MEM_SDMMC" storage-addressing-type = "8"></sdmmc>
    </platform>
    <platform name ="MT6761">
	    <nor type-name = "NOR" is-support = "false" is-support-auto-format = "false" hw-storage-type = "HW_STORAGE_NOR" mem-storage-type = "HW_MEM_NOR" storage-addressing-type = "8"></nor>
	    <ufs type-name = "UFS" is-support = "false" is-support-auto-format = "true" hw-storage-type = "HW_STORAGE_UFS" mem-storage-type = "HW_MEM_UFS" storage-addressing-type = "8"></ufs>
        <nand type-name = "NAND" is-support = "false" is-support-auto-format = "true" hw-storage-type = "HW_STORAGE_NAND" mem-storage-type = "HW_MEM_NAND" storage-addressing-type = "8"></nand>
        <emmc type-name = "EMMC" is-support = "true" is-support-auto-format = "true" hw-storage-type = "HW_STORAGE_EMMC" mem-storage-type = "HW_MEM_EMMC" storage-addressing-type = "16"></emmc>
        <sdmmc type-name = "SDMMC" is-support = "true" is-support-auto-format = "false" hw-storage-type = "HW_STORAGE_SDMMC" mem-storage-type = "HW_MEM_SDMMC" storage-addressing-type = "8"></sdmmc>
    </platform> 	
	<platform name ="MT6779">
	    <nor type-name = "NOR" is-support = "false" is-support-auto-format = "false" hw-storage-type = "HW_STORAGE_NOR" mem-storage-type = "HW_MEM_NOR" storage-addressing-type = "8"></nor>
	    <ufs type-name = "UFS" is-support = "true" is-support-auto-format = "true" hw-storage-type = "HW_STORAGE_UFS" mem-storage-type = "HW_MEM_UFS" storage-addressing-type = "8"></ufs>
        <nand type-name = "NAND" is-support = "false" is-support-auto-format = "true" hw-storage-type = "HW_STORAGE_NAND" mem-storage-type = "HW_MEM_NAND" storage-addressing-type = "8"></nand>
        <emmc type-name = "EMMC" is-support = "true" is-support-auto-format = "true" hw-storage-type = "HW_STORAGE_EMMC" mem-storage-type = "HW_MEM_EMMC" storage-addressing-type = "16"></emmc>
        <sdmmc type-name = "SDMMC" is-support = "true" is-support-auto-format = "false" hw-storage-type = "HW_STORAGE_SDMMC" mem-storage-type = "HW_MEM_SDMMC" storage-addressing-type = "8"></sdmmc>
    </platform>
	<platform name ="MT8168">
	    <nor type-name = "NOR" is-support = "false" is-support-auto-format = "false" hw-storage-type = "HW_STORAGE_NOR" mem-storage-type = "HW_MEM_NOR" storage-addressing-type = "8"></nor>
	    <ufs type-name = "UFS" is-support = "false" is-support-auto-format = "true" hw-storage-type = "HW_STORAGE_UFS" mem-storage-type = "HW_MEM_UFS" storage-addressing-type = "8"></ufs>
        <nand type-name = "NAND" is-support = "true" is-support-auto-format = "true" hw-storage-type = "HW_STORAGE_NAND" mem-storage-type = "HW_MEM_NAND" storage-addressing-type = "8"></nand>
        <emmc type-name = "EMMC" is-support = "true" is-support-auto-format = "true" hw-storage-type = "HW_STORAGE_EMMC" mem-storage-type = "HW_MEM_EMMC" storage-addressing-type = "16"></emmc>
        <sdmmc type-name = "SDMMC" is-support = "true" is-support-auto-format = "false" hw-storage-type = "HW_STORAGE_SDMMC" mem-storage-type = "HW_MEM_SDMMC" storage-addressing-type = "8"></sdmmc>
    </platform>
	<platform name ="MT6768">
	    <nor type-name = "NOR" is-support = "false" is-support-auto-format = "false" hw-storage-type = "HW_STORAGE_NOR" mem-storage-type = "HW_MEM_NOR" storage-addressing-type = "8"></nor>
	    <ufs type-name = "UFS" is-support = "false" is-support-auto-format = "true" hw-storage-type = "HW_STORAGE_UFS" mem-storage-type = "HW_MEM_UFS" storage-addressing-type = "8"></ufs>
        <nand type-name = "NAND" is-support = "false" is-support-auto-format = "true" hw-storage-type = "HW_STORAGE_NAND" mem-storage-type = "HW_MEM_NAND" storage-addressing-type = "8"></nand>
        <emmc type-name = "EMMC" is-support = "true" is-support-auto-format = "true" hw-storage-type = "HW_STORAGE_EMMC" mem-storage-type = "HW_MEM_EMMC" storage-addressing-type = "16"></emmc>
        <sdmmc type-name = "SDMMC" is-support = "true" is-support-auto-format = "false" hw-storage-type = "HW_STORAGE_SDMMC" mem-storage-type = "HW_MEM_SDMMC" storage-addressing-type = "8"></sdmmc>
    </platform>	
    <platform name ="MT6785">
	    <nor type-name = "NOR" is-support = "false" is-support-auto-format = "false" hw-storage-type = "HW_STORAGE_NOR" mem-storage-type = "HW_MEM_NOR" storage-addressing-type = "8"></nor>
	    <ufs type-name = "UFS" is-support = "true" is-support-auto-format = "true" hw-storage-type = "HW_STORAGE_UFS" mem-storage-type = "HW_MEM_UFS" storage-addressing-type = "8"></ufs>
        <nand type-name = "NAND" is-support = "false" is-support-auto-format = "true" hw-storage-type = "HW_STORAGE_NAND" mem-storage-type = "HW_MEM_NAND" storage-addressing-type = "8"></nand>
        <emmc type-name = "EMMC" is-support = "true" is-support-auto-format = "true" hw-storage-type = "HW_STORAGE_EMMC" mem-storage-type = "HW_MEM_EMMC" storage-addressing-type = "16"></emmc>
        <sdmmc type-name = "SDMMC" is-support = "true" is-support-auto-format = "false" hw-storage-type = "HW_STORAGE_SDMMC" mem-storage-type = "HW_MEM_SDMMC" storage-addressing-type = "8"></sdmmc>
    </platform>	
	<platform name ="MT6885">
	    <nor type-name = "NOR" is-support = "false" is-support-auto-format = "false" hw-storage-type = "HW_STORAGE_NOR" mem-storage-type = "HW_MEM_NOR" storage-addressing-type = "8"></nor>
	    <ufs type-name = "UFS" is-support = "true" is-support-auto-format = "true" hw-storage-type = "HW_STORAGE_UFS" mem-storage-type = "HW_MEM_UFS" storage-addressing-type = "8"></ufs>
        <nand type-name = "NAND" is-support = "false" is-support-auto-format = "true" hw-storage-type = "HW_STORAGE_NAND" mem-storage-type = "HW_MEM_NAND" storage-addressing-type = "8"></nand>
        <emmc type-name = "EMMC" is-support = "true" is-support-auto-format = "true" hw-storage-type = "HW_STORAGE_EMMC" mem-storage-type = "HW_MEM_EMMC" storage-addressing-type = "16"></emmc>
        <sdmmc type-name = "SDMMC" is-support = "true" is-support-auto-format = "false" hw-storage-type = "HW_STORAGE_SDMMC" mem-storage-type = "HW_MEM_SDMMC" storage-addressing-type = "8"></sdmmc>
    </platform>	
</storage-setting>
